Release 6.1i - Par G.23
Copyright (c) 1995-2003 Xilinx, Inc.  All rights reserved.

Sun Jan 08 01:29:32 2006


NOTE: This file is designed to be imported into a spreadsheet program
such as Microsoft Excel for viewing, printing and sorting. The ,
character is used as the data field separator. This file is also designed
to support parsing.

INPUT FILE:       receivertop_map.ncd
OUTPUT FILE:      receivertop_pad.csv
PART TYPE:        xc3s200
SPEED GRADE:      -4
PACKAGE:          pq208

Pinout by Pin Number:

-----,-----,-----,-----,-----,-----,-----,-----,-----,-----,-----,-----,-----,
Pin Number,Signal Name,Pin Usage,Pin Name,Direction,IO Standard,IO Bank Number,Drive (mA),Slew Rate,Termination,IOB Delay,Voltage,Constraint,
P1,,,GND,,,,,,,,,,
P10,,IOB,IO_L20P_7,UNUSED,,7,,,,,,,
P100,,IOB,IO_L01P_4/VRN_4,UNUSED,,4,,,,,,,
P101,,IOB,IO_L01N_4/VRP_4,UNUSED,,4,,,,,,,
P102,,IOB,IO/VREF_4,UNUSED,,4,,,,,,,
P103,,,DONE,,,,,,,,,,
P104,,,CCLK,,,,,,,,,,
P105,,,GND,,,,,,,,,,
P106,,IOB,IO_L01P_3/VRN_3,UNUSED,,3,,,,,,,
P107,,IOB,IO_L01N_3/VRP_3,UNUSED,,3,,,,,,,
P108,,IOB,IO_L17P_3/VREF_3,UNUSED,,3,,,,,,,
P109,,IOB,IO_L17N_3,UNUSED,,3,,,,,,,
P11,,IOB,IO_L20N_7,UNUSED,,7,,,,,,,
P110,,,VCCO_3,,,3,,,,,na,,
P111,,IOB,IO_L19P_3,UNUSED,,3,,,,,,,
P112,,,GND,,,,,,,,,,
P113,,IOB,IO_L19N_3,UNUSED,,3,,,,,,,
P114,,IOB,IO_L20P_3,UNUSED,,3,,,,,,,
P115,,IOB,IO_L20N_3,UNUSED,,3,,,,,,,
P116,,IOB,IO_L21P_3,UNUSED,,3,,,,,,,
P117,,IOB,IO_L21N_3,UNUSED,,3,,,,,,,
P118,,,GND,,,,,,,,,,
P119,,IOB,IO_L22P_3,UNUSED,,3,,,,,,,
P12,,IOB,IO_L21P_7,UNUSED,,7,,,,,,,
P120,,IOB,IO_L22N_3,UNUSED,,3,,,,,,,
P121,,,VCCAUX,,,,,,,,,,
P122,,IOB,IO_L23P_3/VREF_3,UNUSED,,3,,,,,,,
P123,,IOB,IO_L23N_3,UNUSED,,3,,,,,,,
P124,,IOB,IO_L24P_3,UNUSED,,3,,,,,,,
P125,,IOB,IO_L24N_3,UNUSED,,3,,,,,,,
P126,,IOB,IO_L39P_3,UNUSED,,3,,,,,,,
P127,,,VCCO_3,,,3,,,,,na,,
P128,,IOB,IO_L39N_3,UNUSED,,3,,,,,,,
P129,,,GND,,,,,,,,,,
P13,,IOB,IO_L21N_7,UNUSED,,7,,,,,,,
P130,,IOB,IO_L40P_3,UNUSED,,3,,,,,,,
P131,,IOB,IO_L40N_3/VREF_3,UNUSED,,3,,,,,,,
P132,,IOB,IO_L40P_2/VREF_2,UNUSED,,2,,,,,,,
P133,,IOB,IO_L40N_2,UNUSED,,2,,,,,,,
P134,,,GND,,,,,,,,,,
P135,,IOB,IO_L39P_2,UNUSED,,2,,,,,,,
P136,,,VCCO_2,,,2,,,,,2.50,,
P137,,IOB,IO_L39N_2,UNUSED,,2,,,,,,,
P138,,IOB,IO_L24P_2,UNUSED,,2,,,,,,,
P139,,IOB,IO_L24N_2,UNUSED,,2,,,,,,,
P14,,,GND,,,,,,,,,,
P140,,IOB,IO_L23P_2,UNUSED,,2,,,,,,,
P141,,IOB,IO_L23N_2/VREF_2,UNUSED,,2,,,,,,,
P142,,,VCCAUX,,,,,,,,,,
P143,,IOB,IO_L22P_2,UNUSED,,2,,,,,,,
P144,,IOB,IO_L22N_2,UNUSED,,2,,,,,,,
P145,,,GND,,,,,,,,,,
P146,,IOB,IO_L21P_2,UNUSED,,2,,,,,,,
P147,,IOB,IO_L21N_2,UNUSED,,2,,,,,,,
P148,datain<0>,IOB,IO_L20P_2,OUTPUT,LVCMOS25,2,4,SLOW,NONE**,,,,
P149,,IOB,IO_L20N_2,UNUSED,,2,,,,,,,
P15,,IOB,IO_L22P_7,UNUSED,,7,,,,,,,
P150,,IOB,IO_L19P_2,UNUSED,,2,,,,,,,
P151,,,GND,,,,,,,,,,
P152,,IOB,IO_L19N_2,UNUSED,,2,,,,,,,
P153,,,VCCO_2,,,2,,,,,2.50,,
P154,,IOB,IO/VREF_2,UNUSED,,2,,,,,,,
P155,,IOB,IO_L01P_2/VRN_2,UNUSED,,2,,,,,,,
P156,,IOB,IO_L01N_2/VRP_2,UNUSED,,2,,,,,,,
P157,,,GND,,,,,,,,,,
P158,,,TDO,,,,,,,,,,
P159,,,TCK,,,,,,,,,,
P16,,IOB,IO_L22N_7,UNUSED,,7,,,,,,,
P160,,,TMS,,,,,,,,,,
P161,,IOB,IO_L01P_1/VRN_1,UNUSED,,1,,,,,,,
P162,,IOB,IO_L01N_1/VRP_1,UNUSED,,1,,,,,,,
P163,,,GND,,,,,,,,,,
P164,,,VCCO_1,,,1,,,,,na,,
P165,,IOB,IO_L10P_1,UNUSED,,1,,,,,,,
P166,,IOB,IO_L10N_1/VREF_1,UNUSED,,1,,,,,,,
P167,,IOB,IO,UNUSED,,1,,,,,,,
P168,,IOB,IO_L27P_1,UNUSED,,1,,,,,,,
P169,,IOB,IO_L27N_1,UNUSED,,1,,,,,,,
P17,,,VCCAUX,,,,,,,,,,
P170,,,GND,,,,,,,,,,
P171,,IOB,IO_L28P_1,UNUSED,,1,,,,,,,
P172,,IOB,IO_L28N_1,UNUSED,,1,,,,,,,
P173,,,VCCAUX,,,,,,,,,,
P174,,,VCCINT,,,,,,,,1.5,,
P175,,IOB,IO,UNUSED,,1,,,,,,,
P176,,IOB,IO_L31P_1,UNUSED,,1,,,,,,,
P177,,,VCCO_1,,,1,,,,,na,,
P178,,IOB,IO_L31N_1/VREF_1,UNUSED,,1,,,,,,,
P179,,,GND,,,,,,,,,,
P18,,IOB,IO_L23P_7,UNUSED,,7,,,,,,,
P180,,IOB,IO_L32P_1/GCLK4,UNUSED,,1,,,,,,,
P181,rst,IOB,IO_L32N_1/GCLK5,INPUT,LVCMOS25,1,,,,NONE,,,
P182,,IOB,IO,UNUSED,,1,,,,,,,
P183,,IOB,IO_L32P_0/GCLK6,UNUSED,,0,,,,,,,
P184,datain<1>,IOB,IO_L32N_0/GCLK7,OUTPUT,LVCMOS25,0,4,SLOW,NONE**,,,,
P185,bit,IOB,IO_L31P_0/VREF_0,OUTPUT,LVCMOS25,0,4,SLOW,NONE**,,,,
P186,,,GND,,,,,,,,,,
P187,,IOB,IO_L31N_0,UNUSED,,0,,,,,,,
P188,,,VCCO_0,,,0,,,,,2.50,,
P189,,IOB,IO,UNUSED,,0,,,,,,,
P19,,IOB,IO_L23N_7,UNUSED,,7,,,,,,,
P190,,IOB,IO_L30P_0,UNUSED,,0,,,,,,,
P191,,IOB,IO_L30N_0,UNUSED,,0,,,,,,,
P192,,,VCCINT,,,,,,,,1.5,,
P193,,,VCCAUX,,,,,,,,,,
P194,,IOB,IO_L27P_0,UNUSED,,0,,,,,,,
P195,,,GND,,,,,,,,,,
P196,,IOB,IO_L27N_0,UNUSED,,0,,,,,,,
P197,,IOB,IO,UNUSED,,0,,,,,,,
P198,,IOB,IO_L25P_0,UNUSED,,0,,,,,,,
P199,,IOB,IO_L25N_0,UNUSED,,0,,,,,,,
P2,,IOB,IO_L01P_7/VRN_7,UNUSED,,7,,,,,,,
P20,fout<8>,IOB,IO_L24P_7,OUTPUT,LVCMOS25,7,4,SLOW,NONE**,,,,
P200,,IOB,IO/VREF_0,UNUSED,,0,,,,,,,
P201,,,VCCO_0,,,0,,,,,2.50,,
P202,,,GND,,,,,,,,,,
P203,,IOB,IO_L01P_0/VRN_0,UNUSED,,0,,,,,,,
P204,,IOB,IO_L01N_0/VRP_0,UNUSED,,0,,,,,,,
P205,,IOB,IO/VREF_0,UNUSED,,0,,,,,,,
P206,,,HSWAP_EN,,,,,,,,,,
P207,,,PROG_B,,,,,,,,,,
P208,,,TDI,,,,,,,,,,
P21,,IOB,IO_L24N_7,UNUSED,,7,,,,,,,
P22,fout<4>,IOB,IO_L39P_7,OUTPUT,LVCMOS25,7,4,SLOW,NONE**,,,,
P23,,,VCCO_7,,,7,,,,,2.50,,
P24,fout<5>,IOB,IO_L39N_7,OUTPUT,LVCMOS25,7,4,SLOW,NONE**,,,,
P25,,,GND,,,,,,,,,,
P26,fout<7>,IOB,IO_L40P_7,OUTPUT,LVCMOS25,7,4,SLOW,NONE**,,,,
P27,fout<1>,IOB,IO_L40N_7/VREF_7,OUTPUT,LVCMOS25,7,4,SLOW,NONE**,,,,
P28,fout<6>,IOB,IO_L40P_6/VREF_6,OUTPUT,LVCMOS25,6,4,SLOW,NONE**,,,,
P29,fout<3>,IOB,IO_L40N_6,OUTPUT,LVCMOS25,6,4,SLOW,NONE**,,,,
P3,,IOB,IO_L01N_7/VRP_7,UNUSED,,7,,,,,,,
P30,,,GND,,,,,,,,,,
P31,fout<10>,IOB,IO_L39P_6,OUTPUT,LVCMOS25,6,4,SLOW,NONE**,,,,
P32,,,VCCO_6,,,6,,,,,2.50,,
P33,fout<9>,IOB,IO_L39N_6,OUTPUT,LVCMOS25,6,4,SLOW,NONE**,,,,
P34,mout<7>,IOB,IO_L24P_6,OUTPUT,LVCMOS25,6,4,SLOW,NONE**,,,,
P35,mout<5>,IOB,IO_L24N_6/VREF_6,OUTPUT,LVCMOS25,6,4,SLOW,NONE**,,,,
P36,mout<3>,IOB,IO_L23P_6,OUTPUT,LVCMOS25,6,4,SLOW,NONE**,,,,
P37,fout<0>,IOB,IO_L23N_6,OUTPUT,LVCMOS25,6,4,SLOW,NONE**,,,,
P38,,,VCCAUX,,,,,,,,,,
P39,mout<1>,IOB,IO_L22P_6,OUTPUT,LVCMOS25,6,4,SLOW,NONE**,,,,
P4,,IOB,IO_L16P_7/VREF_7,UNUSED,,7,,,,,,,
P40,mout<0>,IOB,IO_L22N_6,OUTPUT,LVCMOS25,6,4,SLOW,NONE**,,,,
P41,,,GND,,,,,,,,,,
P42,mout<10>,IOB,IO_L21P_6,OUTPUT,LVCMOS25,6,4,SLOW,NONE**,,,,
P43,fout<2>,IOB,IO_L21N_6,OUTPUT,LVCMOS25,6,4,SLOW,NONE**,,,,
P44,mout<8>,IOB,IO_L20P_6,OUTPUT,LVCMOS25,6,4,SLOW,NONE**,,,,
P45,mout<9>,IOB,IO_L20N_6,OUTPUT,LVCMOS25,6,4,SLOW,NONE**,,,,
P46,mout<6>,IOB,IO_L19P_6,OUTPUT,LVCMOS25,6,4,SLOW,NONE**,,,,
P47,,,GND,,,,,,,,,,
P48,mout<2>,IOB,IO_L19N_6,OUTPUT,LVCMOS25,6,4,SLOW,NONE**,,,,
P49,,,VCCO_6,,,6,,,,,2.50,,
P5,,IOB,IO_L16N_7,UNUSED,,7,,,,,,,
P50,mout<4>,IOB,IO/VREF_6,OUTPUT,LVCMOS25,6,4,SLOW,NONE**,,,,
P51,,IOB,IO_L01P_6/VRN_6,UNUSED,,6,,,,,,,
P52,,IOB,IO_L01N_6/VRP_6,UNUSED,,6,,,,,,,
P53,,,GND,,,,,,,,,,
P54,,,M1,,,,,,,,,,
P55,,,M0,,,,,,,,,,
P56,,,M2,,,,,,,,,,
P57,,IOB,IO_L01P_5/CS_B,UNUSED,,5,,,,,,,
P58,,IOB,IO_L01N_5/RDWR_B,UNUSED,,5,,,,,,,
P59,,,GND,,,,,,,,,,
P6,,,VCCO_7,,,7,,,,,2.50,,
P60,,,VCCO_5,,,5,,,,,na,,
P61,,IOB,IO_L10P_5/VRN_5,UNUSED,,5,,,,,,,
P62,,IOB,IO_L10N_5/VRP_5,UNUSED,,5,,,,,,,
P63,,IOB,IO,UNUSED,,5,,,,,,,
P64,,IOB,IO_L27P_5,UNUSED,,5,,,,,,,
P65,,IOB,IO_L27N_5/VREF_5,UNUSED,,5,,,,,,,
P66,,,GND,,,,,,,,,,
P67,,IOB,IO_L28P_5/D7,UNUSED,,5,,,,,,,
P68,,IOB,IO_L28N_5/D6,UNUSED,,5,,,,,,,
P69,,,VCCAUX,,,,,,,,,,
P7,,IOB,IO_L19P_7,UNUSED,,7,,,,,,,
P70,,,VCCINT,,,,,,,,1.5,,
P71,,IOB,IO,UNUSED,,5,,,,,,,
P72,,IOB,IO_L31P_5/D5,UNUSED,,5,,,,,,,
P73,,,VCCO_5,,,5,,,,,na,,
P74,,IOB,IO_L31N_5/D4,UNUSED,,5,,,,,,,
P75,,,GND,,,,,,,,,,
P76,,IOB,IO_L32P_5/GCLK2,UNUSED,,5,,,,,,,
P77,,IOB,IO_L32N_5/GCLK3,UNUSED,,5,,,,,,,
P78,,IOB,IO/VREF_5,UNUSED,,5,,,,,,,
P79,systemclock,IOB,IO_L32P_4/GCLK0,INPUT,LVCMOS25,4,,,,NONE,,,
P8,,,GND,,,,,,,,,,
P80,,IOB,IO_L32N_4/GCLK1,UNUSED,,4,,,,,,,
P81,,IOB,IO_L31P_4/DOUT/BUSY,UNUSED,,4,,,,,,,
P82,,,GND,,,,,,,,,,
P83,,IOB,IO_L31N_4/INIT_B,UNUSED,,4,,,,,,,
P84,,,VCCO_4,,,4,,,,,na,,
P85,,IOB,IO/VREF_4,UNUSED,,4,,,,,,,
P86,,IOB,IO_L30P_4/D3,UNUSED,,4,,,,,,,
P87,,IOB,IO_L30N_4/D2,UNUSED,,4,,,,,,,
P88,,,VCCINT,,,,,,,,1.5,,
P89,,,VCCAUX,,,,,,,,,,
P9,,IOB,IO_L19N_7/VREF_7,UNUSED,,7,,,,,,,
P90,,IOB,IO_L27P_4/D1,UNUSED,,4,,,,,,,
P91,,,GND,,,,,,,,,,
P92,,IOB,IO_L27N_4/DIN/D0,UNUSED,,4,,,,,,,
P93,,IOB,IO,UNUSED,,4,,,,,,,
P94,,IOB,IO_L25P_4,UNUSED,,4,,,,,,,
P95,,IOB,IO_L25N_4,UNUSED,,4,,,,,,,
P96,,IOB,IO/VREF_4,UNUSED,,4,,,,,,,
P97,,IOB,IO,UNUSED,,4,,,,,,,
P98,,,VCCO_4,,,4,,,,,na,,
P99,,,GND,,,,,,,,,,

-----,-----,-----,-----,-----,-----,-----,-----,-----,-----,-----,-----,-----,

* Default value.
** This default Pullup/Pulldown value can be overridden in Bitgen.

